uri,title,description,skill_type,reuse_level
http://data.europa.eu/esco/skill/3164ecc3-1ccc-43c6-8d7e-9e9e80b46ae4,,"diagnose brain death determine brain deaths identify brain death diagnose brain death diagnose brain deaths determine brain death Determine brain death for patients who have suffered a massive, irreversible brain injury of identifiable cause, identifying brain death by watching for coma, absence of brainstem reflexes, and apnoea.",,
http://data.europa.eu/esco/skill/69b8fc3e-b896-4c14-b71b-ee7819dfd111,,"operate LHD operating load-haul-dump LHD operation operating bogger operation of bogger operation of scooptram operation of LHD operate load-haul-dump operate scooptram operating of LHD operating load-haul-dump machine operate load-haul-dump machine operating scooptram operation of load-haul-dump machine operate bogger operating LHD load-haul-dump operation Operate an LHD, a rubber tired, electric or diesel-operated piece of equipment used for cleaning roadways and hauling supplies underground.",,
http://data.europa.eu/esco/skill/97756f18-bf3d-4ad8-be45-fb88dce250f6,,"sanitise winery area winery equipment cleaning sanitize winery area winery equipment sanitising sanitising winery equipment clean winery equipment cleaning winery equipment Clean and sanitise the winery using chemical, water hoses, brooms, brushes, and shovels. Safely use caustic solution to remove tartrate material from refrigeration equipment.",,
http://data.europa.eu/esco/skill/a94ef591-d0c5-4097-98ff-6a7f50ea72e8,,monitor extraction logging operations oversee extraction logging monitoring extraction operations logging monitor extraction operations logging extraction logging operations monitoring extraction logging supervision supervise extraction logging supervision of extraction logging monitoring of extraction logging operations monitoring extraction logging operations overseeing extraction logging Monitor logging operations and oversee formation testing and sampling operations. Analyse and interpret results.,,
http://data.europa.eu/esco/skill/694dc996-52f3-4afa-a802-672e19f061b7,,"crowdsourcing strategy The high level planning for managing and optimising business processes, ideas or content by gathering contributions from a big community of people, including on-line groups.",,
http://data.europa.eu/esco/skill/09be5c9a-aaa4-4fe7-a701-982f492e93ac,,"investigate animal related incidents analyze animal related incidents investigate animal related incident explore animal related incidents investigate animal related occurrences inspect animal related incident iinvestigate animal related occurrence inspect animal related incidents explore animal related incident Investigate animal related incidents, such as suspected failure to meet the welfare needs of animals, abuse, harm or neglect, by gathering information, receiving and analysing reports, as well as taking appropriate action and cooperating with the respective law enforcement agencies.",,
http://data.europa.eu/esco/skill/8316979b-df5a-4dc7-98ef-61ec6a10df84,,"conduct quantitative research Execute a systematic empirical investigation of observable phenomena via statistical, mathematical or computational techniques.",,
http://data.europa.eu/esco/skill/113bbd65-c580-4155-b2d5-9f6d068712e2,,install locks fitting locks lock installation fit lock fitting of locks installation of locks fit locks lock fitting installing locks Fit a lock into a compatible door. Install the lock for optimal security.,,
http://data.europa.eu/esco/skill/aca06db6-0b45-4929-aaac-d86ee57e1448,,"prepare screen printing arrange screen printing prepare screen printings organise screen printing preparing screen printing ready screen printing plan screen printing Prepare a screen for printing by applying the photo emulsion technique, where an original image is created on an overlay and the inked areas are not transparent. Select a screen, coat it with a certain emulsion by using a squeegee and expose the print after putting it in a dry room, leaving a negative stencil of the image on the mesh.",,
http://data.europa.eu/esco/skill/bc77d17c-298a-4145-8039-836e0b2093bc,,determine crane load safe crane load determination determining of safe crane load determining safe crane load determination of crane load calculate safe crane load calculating crane load calculating safe crane load safe crane load calculation determining of crane load crane load calculation calculation of crane load calculation of safe crane load determination of safe crane load calculate crane load determining crane load crane load determination Calculate weight of crane loads; compare weighing results to lifting capacities in order to prevent overload and ensure safety.,,
http://data.europa.eu/esco/skill/14cc13f8-b0fb-428a-8423-9f3c63222764,,maintain waterbased aquaculture facilities repair waterbased aquaculture facilities repairing waterbased aquaculture facilities maintaining waterbased aquaculture facilities waterbased aquaculture facilities repairing waterbased aquaculture facilities maintaining Clean off fouling and maintain floating and submerged aquaculture structures. Repair floating and submerged aquaculture structures. ,,
http://data.europa.eu/esco/skill/cd56a093-3400-4635-80bd-b9611dcf1542,,"Gamemaker Studio The cross-platform game engine which is written in Delphi programming language and consists of integrated development environments and specialised design tools, designed for the rapid iteration of user-derived computer games.",,
http://data.europa.eu/esco/skill/3aa7e88e-bebd-48b1-94ba-6efddeecf08f,,"protect vulnerable social service users support vulnerable social service users help vulnerable social service users intervene to protect vulnerable social service users protect vulnerable social services users protect a vulnerable social service user protect vulnerable social service user Intervene to provide physical, moral and psychological support to people in dangerous or difficult situations and to remove to a place of safety where appropriate.",,
http://data.europa.eu/esco/skill/506ed653-1dce-4f69-a692-d67d4a66fac7,,assemble moulds mold assembling mould making making moulds assembling molds mould assembling make moulds assembling moulds molds assembling moulds assembling moulds making Assemble iron moulds using handtools to hoist and bolt sections.,,
http://data.europa.eu/esco/skill/2911078e-b1a5-4cf7-9bcb-222b6f60f392,,"tend blow moulding machine tending blow moulding machine operating blow moulding machine operate blow moulding machine tend blow molding machine blow moulding machine operating blow moulding machine tending Monitor, set-up and adjust the blow moulding machine controls and mandrel using the control panel or handtools in order to mould plastic products according to specifications.",,
http://data.europa.eu/esco/skill/fecc4fba-8f4b-4fde-846e-045d9889aa76,,manage cash transportation cash transportation management maintain cash transportation supervise cash transportation oversee cash transportation manage transportation of cash managing cash transportation regulate cash transportation Manage the appropriate and safe transportation of cash.,,
http://data.europa.eu/esco/skill/212dfa1d-c3fb-446c-945a-c0827fcbdadb,,"inspect raw food materials scrutinise raw materials for muscle food processing audit raw materials for muscle food processing inspect raw materials for muscle food processes check raw materials for muscle food processing investigate raw materials for muscle food processing Inspect raw materials required for the production process, assessing quality and hidden flaws. Verify the origin of the raw materials using the sector defined documents, stamps or marks.",,
http://data.europa.eu/esco/skill/7c9056ff-615c-4438-854e-3c03e3eeac50,,"visual aid systems in airports visual indicators used in aviation visual indicators used in aviation operations visual indicators used in aviation activities visual aids in airports airport visual aids airport visual aid systems visual aid systems used in airport operations visual indicators for airport operations visual indicators in airports visual aid systems used in airports The correct use of visual aid systems in airports, the aim of which is to facilitate the safe operation of aircraft.",,
http://data.europa.eu/esco/skill/698dabf4-ee23-4398-a4a8-9dff73830eca,,design campaign actions organise campaign actions operate campaign actions organise crusade actions arrange campaign actions operate crusade actions model crusade actions arrange crusade actions model campaign actions Create oral or written operations to achieve a certain goal .,,
http://data.europa.eu/esco/skill/22ca7fdd-f6e0-473a-b797-a8ac955a319a,,comply with railway safety standards follow railway safety standards abide by railway safety standards ensure compliance with minimum railway safety standards perform railway safety standards compliance activities ensure compliance with minimum safety standards for railway operations conduct activities to meet requirements of railway safety standards carry out railway safety standards compliance activities abide by safety standards for railway operations adhere to safety standards for railway operations adhere to railway safety standards comply with safety standards for railway operations Ensure compliance with minimum safety standards for freight cars operated by railway companies subject to European legislation.,,
http://data.europa.eu/esco/skill/5c5dae25-f511-4bdd-bbd4-572ab3e6e962,,advise on medical records give advice to medical staff counsel medical employees counsel medical staff Act as a consultant to medical staff by providing advice on medical records policies.,,
http://data.europa.eu/esco/skill/01ffbbf3-0c62-45e0-92d9-01a86dc7c81d,,advise on clay products handling instructing on clay product handling instruct on clay product handling instruct on clay products handling instructing on handling of clay products advising on handling of clay products Advise other workers on the covering of end-products with tarpaulin.,,
http://data.europa.eu/esco/skill/c8927d77-e274-43f6-8eac-471ec93c190e,,"repair router machinery repair router machine repair a router machine overhaul router machinery mend router machinery fix router machinery adjust router machinery Repair broken components or systems of machinery and equipment used for the cutting various hard materials, using hand and power tools.",,
http://data.europa.eu/esco/skill/3c88c371-56cf-49b8-bad7-d575eb3f07b7,,"assist people trapped in confined spaces support people stuck in lifts or amusement park attractions help people stuck in lifts or amusement park attractions rescue people trapped in confined spaces help people trapped in confined spaces aid people trapped in confined spaces support people trapped in confined spaces rescue people stuck in lifts or amusement park attractions aid people stuck in lifts or amusement park attractions Assist people stuck in limited spaces such as lifts or amusement park attractions, explain the situation in a calm manner, give instructions as to the proper reaction and rescue them.",,
http://data.europa.eu/esco/skill/7d6fd2fd-d26e-4613-800e-029253f86043,,"install organs put in organs build organs installing organs install an organ institute organs place organs Assemble, install and tune the organ according to the accoustical characteristics of its final location.",,
http://data.europa.eu/esco/skill/62736ac3-37f1-428a-8a14-1788f106a3fc,,"review criminal acts classify criminal acts criminal act review evaluate criminal acts reviewing criminal act assess criminal acts Analyse illegal acts committed by individuals in order to uncover a pattern of action, motive, and demographics.",,
http://data.europa.eu/esco/skill/e8db863d-9e4c-481e-922f-b5c1d73befa4,,study play productions study plays research play productions analyse play productions studying play productions read up on play productions study play production Research how a play has been interpreted in other productions.,,
http://data.europa.eu/esco/skill/f9b5dc5a-8762-486d-9711-182cd70f059b,,"anchors used in maritime water transport anchors for maritime water transport anchors used in sea transport anchors used in maritime transport maritime transport vessel anchors anchors used in sea vessel transport variety of anchors used in maritime transport operations types of anchor used in sea transportation types of anchor used in maritime transport operations anchors used in maritime water transportation The types of anchors used in maritime transport operations according to the type of vessel, port characteristics and regulatory guidelines.",,
http://data.europa.eu/esco/skill/7244ccb8-d121-4462-b415-4d5930baace1,,"screen printing process screen printing technique screen printing processes screen printing method screen printing procedure screen print process screen printing approach This consists of preparing the screen or image carrier, squeegee, and the ink. During this process, ink is pressed through a screen on a certain surface.",,
http://data.europa.eu/esco/skill/c0f51665-5a3c-45ab-b9b0-443079cd7023,,"repair furniture machinery furniture machinery repair overhaul furniture machinery adjust furniture machinery mend furniture machinery repair furniture machine fix furniture machinery repair a furniture machine Repair broken components or systems of machinery and equipment used for making furniture, using hand and power tools.",,
http://data.europa.eu/esco/skill/d2590cd1-8c5a-4f81-b77e-6ea212076ede,,evaluate implementation of safety procedures perform safety procedure implementation assessments analyse safety procedure implementation analyse implementation of safety procedures evaluate safety procedure implementation conduct evaluations of safety procedure implementation assess implementation of safety procedures assess safety procedure implementation perform assessments of safety procedure implementation conduct safety procedure implementation analyses make assessments of safety procedure implementation carry out evaluations of the implementation of safety procedures Investigate and evaluate whether safety procedures have been established and implemented appropriately.,,
http://data.europa.eu/esco/skill/11cbcf7f-8dc3-4c9a-9ec1-37f51b5cbc19,,"international trade foreign trade international trading world wide trade international commerce international trade global trade The economic practise and study field that address the exchange of goods and services across geographic borders. The general theories and schools of thought around the implications of international trade in terms of exports, imports, competitivity, GDP, and role of multinational companies.",,
http://data.europa.eu/esco/skill/af7ae54f-4649-4c16-87c7-59ba41d4d57f,,SPARK SPARK The Java micro framework software development environment which provide specific features and components that support and guide web applications development.,,
http://data.europa.eu/esco/skill/131df737-705c-4114-b556-27cc741ce020,,"trap animals animals trapping trapping animals using animal traps use animal traps animal trap using animal traps using animal trapping Use devices such as animal traps to catch or kill wildlife. Trap the animals for the purpose of gaining food or animal products, pest control or wildlife management.",,
http://data.europa.eu/esco/skill/a6e1e0a0-07f8-4c22-89cf-6ab3fe6a22e9,,"hand gestures hand gesture gestures of the hand hand signals The meanings of different hand gestures signifying or implying the act of something. For instance, swearing with a raised hand.",,
http://data.europa.eu/esco/skill/2ec3298f-a1c0-4381-9114-b62ba6772d75,,polygraphy Production branch that handles reproduction of text and images by printing.,,
http://data.europa.eu/esco/skill/d128095a-9797-453b-af0a-daf6094e11ec,,monitor condition of local roads monitor the state of local road surfaces physical condition of local roads check the status of local roads assess the condition of local streets monitor the state of repair of local roads monitor the conditions of local roads take the physical condition of local streets into account Know local streets and their condition in order to provide efficient and timely transportation services.,,
http://data.europa.eu/esco/skill/5f8d7a45-0afd-4e1c-82a0-e02109e4b0e8,,"tend drop forging hammer drop guard forging hammer monitor cold hydraulic forge press watch hydraulic forge press guard hydraulic forge press watch drop forging hammer oversee drop forging hammer oversee hydraulic forge press monitor cold drop forging hammer Tend a drop forging hammer, designed for forming hot or cold metal by use of a high energy force, monitor and operate it, according to regulations.",,
http://data.europa.eu/esco/skill/e4f6279f-2ae3-49bd-b0ab-b8d6b86c38a1,,cool materials cooling materials quench materials cool a material Manipulating or changing the structure of materials by cooling them or submerging them in water.,,
http://data.europa.eu/esco/skill/39e71107-3aa9-41a0-809c-edea477c968f,,"conduct land surveys conducting of land surveys conducting land surveys carry out surveys use land surveying equipment land survey conduct conduct of land surveys conduct surveys carry out land surveys Conduct surveys to determine the location and features of natural and man-made structures, on surface level as well as underground and underwater. Operate electronic distance-measuring equipment and digital measuring instruments.",,
http://data.europa.eu/esco/skill/4da171e5-779c-4983-a76f-91c16751e99f,,"MySQL MySQL Enterprise Edition MySQL Embedded (OEM/ISV) MySQL Classic Edition MySQL Standard Edition MySQL Cluster CGE The computer program MySQL is a tool for creating, updating and managing databases, currently developed by the software company Oracle.",,
http://data.europa.eu/esco/skill/ab75d510-ac75-482d-b671-bb3bad741f07,,"carry out work-related measurements conduct work-related measurements carry out measurements which are work-related carry out job-related measurements perform work-related measurements carrying out work-related measurement Use suitable units, tools and equipment to carry out calculations for length, area, volume, weight, time, geometric shapes and sketches.",,
http://data.europa.eu/esco/skill/3fedb2c6-488f-4c78-b20d-af23d481348a,,"manage packaging material maintain packaging material supervise packaging material oversee packaging material regulate packaging material manage packaging materials Managing all packaging materials be they primary (wrapping, cans, bottles) or secondary (cartons, crates, pallets).",,
http://data.europa.eu/esco/skill/55098446-96cd-4858-bc6c-2667230b0a88,,prepare containers for beverage fermentation arrange containers for beverage fermentation lay out containers for beverage fermentation prepare a container for beverage fermentation identify containers for beverage fermentation provide containers for beverage fermentation preparing containers for beverage fermentation Prepare containers for beverage fermentation according to the type of beverage to be produced. This includes the qualities that the different kinds of containers can give to the final product.,,
http://data.europa.eu/esco/skill/c72feae6-648b-4cc1-9219-4a6af721e769,,"package fish prepare fish wrap fish package fishes pack fish Package fish in specified containers and compartments after preparing and trimming the fish. Prepare the fish to be shipped, and further treated in the supply chain.",,
http://data.europa.eu/esco/skill/f4ad3d0a-a5c0-4442-9485-6e3ca83be035,,"select equipment required for moving activities determine appropriate equipment for moving activities choose appropriate tools for moving activities select appropriate tools for moving activities choose equipment required for moving activities determine suitable equipment for moving activities select tools required for moving activities ensure appropriate equipment is used in moving activities determine suitable tools for moving activities choose appropriate equipment for moving activities determine appropriate tools for moving activities ensure correct tools are used in moving activities select appropriate equipment for moving activities Select the appropriate tools and equipment required to successfully move objects. Select a range of equipment from basic tools such as screws, hammers, and pliers, to more complex apparatus such as forklifts, cranes, and movable docks.",,
http://data.europa.eu/esco/skill/ea99e1f2-ad03-4bb3-8960-1227fc76bb2a,,interpret graphical communication interfaces comprehend graphical representations used in communication programmes perceive graphical communication interfaces interpret graphical interfaces for communication read graphical interfaces for communication interpret graphical representations used in communication programme read graphical communication interfaces understand graphical representations used in communication programmes understand graphical communication programmes comprehend graphical communication interfaces Have the capacity to understand the various shapes and representations used in the schematics and 3D isometric model presented by communication programmes.,,
http://data.europa.eu/esco/skill/e2992bda-8a68-4eae-b78a-697b07800334,,"operate grinding hand tools handle polishing and scratching hand tools utilise polishing and scratching hand tools run grinding hand tools use polishing and scratching hand tools use grinding hand tools run polishing and scratching hand tools handle grinding hand tools utilise grinding hand tools Operate a variety of hand tools designed for grinding production materials, such as angle grinders, die grinders, grindstones, bench grinders, and others.",,
http://data.europa.eu/esco/skill/0a14bbb7-6f92-4fb1-8f87-a5353b662e1b,,visual flight rules VFR visual flight rules communications IFR visual flight regulations VFR communications instrument flight regulations instrument flight rules Types of flight rules which are a compilation of regulations that allow pilots to fly aircrafts in clear as well as unclear weather conditions whereby it is declared that outside visual reference to the ground and other obstructions are not safe.,,
http://data.europa.eu/esco/skill/cbdb26fc-353c-4229-8577-95cc863c309d,,identify common aquatic species diseases common aquatic species diseases diagnosing common aquatic species disease diagnosing common aquatic species diseases identifying diagnosing common aquatic species diseases identifying common aquatic species diseases diagnose common aquatic species diseases common aquatic species disease identifying Identify common aquatic species diseases. Observe and describe common symptoms nd lesions.,,
http://data.europa.eu/esco/skill/cf1e936b-9689-487e-96e2-1bbb254ac12e,,"identify health objectives identify customer and health professional objectives identify objectives of health establish health goals identifying health objectives Identify the individual motives of the customer and define short, medium and long term fitness goals. Coordinate with health professionals who may be part of the team and advise on exercise interventions.",,
http://data.europa.eu/esco/skill/a0ce60da-9e93-4fc8-9ada-35bbe5247d07,,develop an animal handling strategy create an animal handling strategy plan how to handle animals according to desired objectives create an animal handling plan develop animal handling strategies perform animal handling planning activities create animal handling strategies develop an animal handling plan design animal handling action plans create a strategy on how to handle animals according to desired objectives design strategies for handling animals Develop plans and strategies to deal with the animal in order to achieve established goals and optimal results.',,
http://data.europa.eu/esco/skill/9a35cb50-8106-45f9-8aba-2df99dd6f913,,"ABBYY FineReader The computer program ABBYY FineReader is software that electronically converts printed and typed images into machine-encoded text so that documents can be electronically stored, edited and digitally displayed.",,
http://data.europa.eu/esco/skill/c857adde-6f65-43a2-9a9e-5516c51715b9,,"conduct fish populations studies undertake fish populations studies conducting studies of fish populations undertake studies of fish populations fish populations studies conducting conducting fish populations studies fish populations studies undertaking undertaking fish populations studies conduct studies of fish populations undertaking studies of fish populations Study captive fish populations to determine survival, growth, and migration.",,
http://data.europa.eu/esco/skill/834b8673-1498-4423-b748-7bb6dc312169,,"manage aquatic resources stock production aquatic resources stock production organising managing production of aquatic resources stock organise aquatic resources stock production managing aquatic resources stock production organising production of aquatic resources stock aquatic resources stock production managing organising aquatic resources stock production organise production of aquatic resources stock manage production of aquatic resources stock Set up a farm stock production spreadsheet and feed budget (feeding, growth, biomass, mortality, FCR, harvesting). Monitor and maintain stock production.",,
http://data.europa.eu/esco/skill/2624158e-4a53-4667-8921-96ee7aaea7b3,,"consult with technical staff confer with technical staff consulting technical staff collaborate with technical staff cooperate with technical staff Seek the advice of technical staff concerning the requirements, operation, and use of various products and systems.",,
http://data.europa.eu/esco/skill/58bacbcf-2b82-4716-959e-ac529120342d,,"evaluate animal pregnancy make assessments of pregnant animals perform animal pregnancy evaluations evaluate condition of pregnant animals perform evaluations of pregnant animals analyse condition of pregnant animals analyse animal pregnancy perform analyses of pregnant animals conduct animal pregnancy analyses execute animal pregnancy assessments assess animal pregnancy assess condition of pregnant animals Perform pregnancy evaluation using common methods such as using on-farm milk progesterone test, treatment of non-pregnant cows with prostaglandin, and pregnancy diagnosis by uterine palpation. Check and confirm pregnancy and take appropriate action in relation to husbandry and reporting requirements.",,
http://data.europa.eu/esco/skill/7d35b31e-a1b2-4f4e-98f1-6f93081aa0f5,,"perform comprehensive eye examinations perform comprehensive examination of the eyes carry out comprehensive eye examinations perform comprehensive eye-examinations execute eye examinations perform comprehensive examination of the eye perform comprehensive eye examination Undertake comprehensive eye examinations to determine prescription needs or diagnose disease or abnormalities. Some of the methods for this are cover tests, color blindness tests, and pupil dilation.",,
http://data.europa.eu/esco/skill/76f552ef-bb2d-4f66-83a8-ad205086967e,,"educate people about nature orally educate people about nature speak to educate people about nature communicate with people about nature educate people on nature Speak to a variety of audiences about e.g. information, concepts, theories and/or activities related to nature and its conservation. Produce written information. This information may be presented in a range of formats e.g. display signs, information sheets, posters, website text etc.",,
http://data.europa.eu/esco/skill/94c708e0-6380-4db0-ad8d-764bac6d93f1,,"apply water transfer printing techniques utilise hydro drip transfer printing techniques handle hydro drip transfer printing techniques employ hydro drip transfer printing techniques utilise water transfer printing techniques employ water transfer printing techniques administer water transfer printing techniques handle water transfer printing techniques administer hydro drip transfer printing techniques Confer a printed, often decorative, coat from a basecoat sheet to a metal surface by dipping the metal workpiece in a hydro dip tank filled with water at a temperature of 30 to 33 degree celcius and the sheet with the desired print.",,
http://data.europa.eu/esco/skill/2167bb42-8f4c-452b-a091-50cf64e46b99,,inspect aircraft documentation perform aircraft document inspections inspect documentation of aircraft review aircraft documentation review documentation of aircraft inspect documents of aircraft inspect aircraft documents examine aircraft documentation on maintenance and airworthiness conduct aircraft documentation inspections execute aircraft documentation inspections carry out documentation inspection activities for aircraft Inspect documentation of aircraft related to maintenance and airworthiness.,,
http://data.europa.eu/esco/skill/e81bd620-65a7-4794-b907-b37801019533,,"wash gutted fish wash fillets of fish wash a filleted fish wash gutted fishes wash a gutted fish wash filleted fish Wash gutted fish in cold water, rinse it, brush it in a machine, or apply a combination of these techniques.",,
http://data.europa.eu/esco/skill/f3c38c0f-eef5-443f-be68-14d74eaa695b,,prioritise emergencies determine emergency priorities and dispatch ambulances accordingly perform emergency situation prioritisation allocate ambulance resources according to emergency priorities determine emergency priorities determine priority emergency situations perform emergency prioritisation carry out emergency prioritisation prioritize emergencies make decisions on prioritising emergency situations carry out emergency situation prioritisation prioritise emergency situations Determine the level of risk of an emergency situation and balance the dispatch of ambulances to emergency situations accordingly.',,
http://data.europa.eu/esco/skill/ad6cc4f7-0735-4924-a8fa-271d147e48d2,,construct working platform installing working platforms working platform attachment constructing working platforms working platform installation attachment of working platforms construction of working platforms attaching working platforms installation of working platforms working platform construction Attach working platforms which approach or touch the structure to be worked on when the structural elements of the scaffolding structure have been completed. Place decks on the platform and remove the guard rail that separates it from the main scaffolding deck.,,
http://data.europa.eu/esco/skill/6444575a-b656-4de3-abd3-e89118b36b34,,"oversee park land use overseeing the use of the land within the park supervising park land use supervise park land use supervise the use of the land within the park overseeing park land use oversee the use of the land within the park supervising the use of the land within the park Supervise the development of the land, such as camping sites or places of interest. Oversee the management of natural lands of different types.",,
http://data.europa.eu/esco/skill/0f00f63f-3ab4-4057-b92f-500584b51757,,"Informatica PowerCenter Informatica Power Center PowerCenter Informatica The computer program Informatica PowerCenter is a tool for integration of information from multiple applications, created and maintained by organisations, into one consistent and transparent data structure, developed by the software company Informatica.",,
http://data.europa.eu/esco/skill/09afa68b-1fdf-4a42-bf4e-979331fded48,,prevent domestic accidents preventing domestic accidents address domestic hazards take preventative steps to avoid domestic accidents prevent domestic accident Analyse the risk factors linked to domestic accidents and propose prevention actions or equipments in the care recipients home and surroundings.,,
http://data.europa.eu/esco/skill/e81d7bed-b7c7-41bf-a30a-e3201e8f09b3,,audio mastering mastering of audio soundtrack mastering sound mastering The post-production process where the finished recorded audio is transferred to a data storage device from which it will be copied.,,
http://data.europa.eu/esco/skill/3a5231a0-8c30-48ee-b671-08e2debd4441,,organisational policies corporate regulations organisational guidelines corporate policies organisational standards institutional policies The policies to achieve set of goals and targets regarding the development and maintenance of an organisation.,,
http://data.europa.eu/esco/skill/b4c100f7-b115-4886-b3ea-9469b9b6c477,,"determine cause of death investigate cause of death report on cause of death identify cause of death identify cause of dying report on cause of dying investigate cause of dying Determine the cause of death of a recently deceased individual in order to assess whether the death was from natural or abnormal causes, and to aid government officials in investigations related to the individual or circumstances of their death.",,
http://data.europa.eu/esco/skill/a1e7372d-a267-46bd-b2be-a6cc517cdac4,,examine gems examining gems analyse gems inspect gems examine gem evaluate gems Closely examine gemstone surfaces using polariscopes or other optical instruments.,,
http://data.europa.eu/esco/skill/1ff161c5-756d-414b-afda-41fff0f74d81,,"operate janitorial tools operate janitorial tool operate custodial tools operating janitorial tools use janitorial tools use custodial tools Use janitorial tools and equipment such as floor buffers, dust clothes, vacuum cleaners, and cleaning chemical solutions.",,
http://data.europa.eu/esco/skill/798d427e-51b3-4cd4-8b24-1357015e9ae7,,"optimise production maximise production efficiency optimising production optimising production efficiency production efficiency optimising production optimising optimize production Analyse and identify the strengths and weaknesses of solutions, conclusions or approaches to problems; formulate and plan alternatives.",,
http://data.europa.eu/esco/skill/44672641-e4b9-4a93-b64f-d8700149d772,,wild game meat food safety requirements legislation in wild game meat food safety regulations in wild game meat food safety procedures in wild game meat food safety The food safety management procedures and national requirements for wild game meat.,,
http://data.europa.eu/esco/skill/30a4d870-d6fc-4b78-80d5-5741322cc44d,,perform patient activity analyses link patient's requirement and ability analyses compare patient activity analyses perform patient activity analysis perform patient's activities analysis perform patients activity analysis perform patient activity analyzes carry out patient activity analyses carry out patient activity analysis Perform activity analyses of a patient in the sense of linking requirement and ability analyses. Understand the activity; its demands and context.,,
http://data.europa.eu/esco/skill/1bc46d79-d290-4d2e-bf79-a634ea10e584,,airport terminal standards standards for airport terminals airport terminal codes airport terminal requirements operational requirements for airport terminals minimum standards for airport terminal operation operational standards for airport terminals airport terminal regulations airport standards Rules and minimum requirements concerning the structure of airport terminals and the organisation of passenger information.,,
http://data.europa.eu/esco/skill/3cc54d4c-294c-4672-81e6-f73116a11935,,"perform clinical research in radiography carry out clinical research in radiography do clinical research in radiography perform clinical research in the field of radiography Perform clinical research in the field of radiography, ranging from recruitment to trials through research studies, evaluating newer technologies and techniques as part of providing evidence based practice.",,
http://data.europa.eu/esco/skill/cf310cff-0d28-4dbc-9dbb-cc500a3196c2,,"office software office soft-ware office operating system office programme office IT software office application office software The characteristics and functioning of software programs for office tasks such as word processing, spreadsheets, presentation, email and database.",,
http://data.europa.eu/esco/skill/f82b05a7-128b-4a72-a815-044ff6062f62,,"advise on waste management procedures advising on waste management procedures waste management procedures advising giving advice about waste management procedures advising about waste management procedures give advice on waste management procedures waste management procedures advice giving Advise organisations on the implementation of waste regulations and on improvement strategies for waste management and waste minimisation, to increase environmentally sustainable practices and environmental awareness.",,
http://data.europa.eu/esco/skill/d9394e67-f851-43f3-9044-24d1612084eb,,"post-process stone workpiece treating stone workpiece treat stone workpiece post-processing stone workpiece stone workpiece post-processing stone workpiece treating Perform operations on a sculpted or engraved stone workpiece to make it resistant to stains, discolouration, and others types of damage.",,
http://data.europa.eu/esco/skill/27536739-c38b-45d2-9e96-1573b1d32fdd,,"use packaging equipment utilise packing equipment utilise packaging equipment use packing equipment pack goods using equipment pack goods utilising equipment operate packaging equipment operate packing equipment package goods using equipment package goods in preparation for transportation pack goods in preparation for transportation Use fastening and packaging tools such as plastic strapping, applicators and adhesives, marking and labelling equipment, and tape.",,
http://data.europa.eu/esco/skill/76ed802c-90d7-4c29-968c-9fb0f5ca59c1,,"clean camping facilities clean camp facilities keep camping facilities clean clean camping facility wash camping and recreational facilities Disinfect and maintain camping facilities such as cabins, caravans, grounds and recreational facilities.",,
http://data.europa.eu/esco/skill/2d26c072-ec9c-4231-a737-817340a02fdc,,operate insertion mount machine inserter operating insertion mount machine tending tend insertion mount machine operate inserter operating inserter operating insertion mount machine insertion mount machine operating tending insertion mount machine Operate the insertion mount machine or inserter to insert the leads of electronic components into holes in the printed circuit boards.,,
http://data.europa.eu/esco/skill/10535df6-0496-4350-8b69-ef5c37871dee,,monitor forage grazing plans plans for forage grazing monitoring monitor plans for grassland and forage grazing forage grazing plans monitoring monitoring plans for forage grazing monitoring plans for grassland and forage grazing monitor grassland and forage grazing plans monitoring grassland and forage grazing plans monitor plans for forage grazing monitoring forage grazing plans Supervise the forage plan for grazing following the chosen production system. Determine the required quantity of conserved forages and the grazing plan based on the production systems and available resources.,,
http://data.europa.eu/esco/skill/dcdca4d4-f1a1-444c-ba47-c821f29eced9,,"test beauty products beauty product checking checking beauty products beauty product testing check beauty products testing beauty products beauty products testing beauty products checking Test products such as skin cream, make-up or other beauty products in order to assess their efficiency and formula compliance.",,
http://data.europa.eu/esco/skill/88232a01-699b-4041-85bb-8ab7bc54bc21,,apply for library funding apply for funding prepare applications for grants prepare projects for funding opportunities apply for grants apply for library grants prepare applications for research or project grants Compose proposals for new research or project grants.,,
http://data.europa.eu/esco/skill/fbf0c677-30f7-41f5-94a8-957aae5faafa,,operate LED-based panel signal boxes execute signalling activities using LED-based panel signal boxes operate LED panel signal boxes undertake LED-based panel box rail signalling activities use LED panel signal boxes carry out railway operations using LED-based panel signal boxes utilise LED-based panel signal boxes use LED-based panel signal boxes utilise LED panel signal boxes carry out rail operations using LED-based panel signal boxes perform signalling activities using LED-based panel signal boxes Work with high tech LED-based signal boxes; a signaller flips switches and pushes buttons to manipulate train movements on stretches of track up to 50 miles long.,,
http://data.europa.eu/esco/skill/faf8943c-72ff-4736-a587-25508695d6f0,,maintain financial records oversee financial records maintain financial record keep financial records update financial records maintaining financial records Keep track of and finalise all formal documents representing the financial transactions of a business or project.,,
http://data.europa.eu/esco/skill/68f909bf-1b0f-45f4-bbea-b5edb6747740,,provide information on the effects of childbirth on sexuality inform on the effects of childbirth on sexuality provide advice on the effects of childbirth on sexuality provide information on the impact of childbirth on sexuality educate on the effects of childbirth on sexuality Provide information to the mother or her family on the effects of childbirth on sexual behaviour.,,
http://data.europa.eu/esco/skill/f46220aa-ad70-4c18-99dc-cb978f2850d2,,"calculate exposure to radiation calculate radiation data calculate radiation exposure calculate radiation-exposure Calculate radiation data about procedures, such as length and intensity of exposure.",,
http://data.europa.eu/esco/skill/ae4f0cc6-e0b9-47f5-bdca-2fc2e6316dce,,"manage ICT virtualisation environments manage containerization manage virtualisation of servers and workstations manage ICT virtualization machines Oversee tools, such as VMware, kvm, Xen, Docker, Kubernetes, and others, used to enable a virtual environments for different purposes such as hardware virtualization, desktop virtualisation, and operating system level virtualisation.",,
http://data.europa.eu/esco/skill/1c388c1a-2a84-4377-a99a-860323eeff1d,,provide visitor information provide information to visitors provide tourist information to visitors provide visitors with information requested provide visitors with information Provide directions and other relevant information to visitors.,,
http://data.europa.eu/esco/skill/9a354775-1a03-4258-a357-be4ab0a07465,,"establish green roof vegetation on roof establishing green roof establishing establish vegetation on roof establishing green roof establishing vegetation on roof Establish vegetation on roofs, takinig into account water and drainage, filters and soil. Plant suitable grasses, and possibly bushes and trees. Establish the green roof with regards to health and safety regulations.",,
http://data.europa.eu/esco/skill/a3bd38a7-06e4-4e9c-8bbc-75aa36871801,,operate mailing information systems utilise mailing information systems process and handle mail using mailing information systems utilise mail information systems operate mail information systems perform mailing information system operations use mailing information systems carry out operations using mailing information systems handle and process mail using mailing information systems use mail information systems perform operations using mailing information systems Operate mailing information systems in order to record the processing and handling of mail. Record faults and identify packages that were not delivered. Ensure mail and small packages are traceable until they are delivered to the recipients.,,
http://data.europa.eu/esco/skill/06bf62ec-3316-49b7-989f-a47fe61f8987,,organise harvests scheduling harvests schedule harvests harvests scheduling organising harvests harvest scheduling harvest organising organize harvests harvests organising Schedule the planting and harvesting of crops.,,
http://data.europa.eu/esco/skill/96e70743-6a84-4fee-b226-fe10cddb266e,,Latin ability to comprehend spoken and written Latin and to speak and write in Latin Latin competent in Latin The Latin language.,,
http://data.europa.eu/esco/skill/7253d98c-4a6d-4e37-8b6c-accca9f4b639,,develop ICT test suite design software testing Create a series of test cases to check software behaviour versus specifications. These test cases are then to be used during subsequent testing.,,
http://data.europa.eu/esco/skill/ed3afb1d-c091-45c7-b0aa-09fd1ec97332,,livestock selection principles theories of livestock selection principles basis of livestock selection principles fundamentals of livestock identification principles basis of livestock identification principles fundamentals of livestock selection principles theories of livestock identification principles Selection criteria of livestock and determination of livestock classes. ,,
http://data.europa.eu/esco/skill/59ff54aa-0773-4413-851d-75b585227936,,perform routine maintenance of ship engines perform maintenance of ship engines conduct ship engine maintenance tasks perform ship engine routine maintenance perform routine maintenance of engines in ships conduct maintenance tasks for ship engines conduct routine maintenance tasks on ship engines maintain ship engines undertake routine maintenance tasks on ship engines perform routine maintenance of ships' engines Perform routine maintenance tasks on all ship engine systems. Monitor engines to ensure they function within standard operating parameters.,,
http://data.europa.eu/esco/skill/0e628dde-8d1b-4a1d-b973-a349fe1725c8,,conduct sediment control conducting of sediment and erosion control conducting of sediment control conduct of sediment control conducting sediment and erosion control sediment control conduct conduct sediment and erosion control conducting sediment control sediment and erosion control conduct Manage sediment control processes and projects. Plan sediment control actions to prevent eroded soil from polluting nearby waterways.,,
http://data.europa.eu/esco/skill/f14cfbac-07c5-43de-8b63-51518be99826,,"design wind turbines wind turbines designing wind turbine designing designing wind turbines wind turbine specifying specify wind turbines specifying wind turbines wind turbines specifying Design the electrical components and blades used in equipment which generates energy from the wind into electrical power, ensuring that the design is optimised to ensure safe and efficient production of energy.",,
http://data.europa.eu/esco/skill/cbfca0c7-0be4-48f9-a092-63a3e506a6a6,,"use seismometers operate seismometers seismometer use employ seismometers using seismometers apply seismometers Operate seismometers in order to measure shifts in the Earth's crust such as motion created by earthquakes, tsunamis, and volcanic eruptions.",,
http://data.europa.eu/esco/skill/58e3d762-4222-4b9d-824f-deba76beafc1,,"drive helicopter under emergency conditions drive medical emergency helicopter drive helicopters under emergency conditions drive helicopter under emergency condition maneuver helicopter under emergency conditions Drive an emergency medical helicopter to deliver medical care where no ground vehicle can go, following strict procedures and national legislation.",,
http://data.europa.eu/esco/skill/d9a3cb06-d6e0-4a64-88a6-9a8e11a99c93,,"labour market job market labor market employment market labour markets The trends, functioning, and fluctuations of the labour market, career options, wages, unions, working population and the supply and demand of certain professions in a sector.",,
http://data.europa.eu/esco/skill/32b02bd1-6bf2-497a-bb16-94aeeafaf44f,,quote prices quote fares quote price provide price quotations Refer to prices for the client by researching and estimating fare rates.,,
http://data.europa.eu/esco/skill/c8c8f437-21dc-474a-aea6-f0a9946aef05,,"rewrite articles edit articles amend articles revise articles correct articles rewriting articles Rewrite articles to correct errors, make them more appealing to the audience, and to ensure that they fit within time and space allotments.",,
http://data.europa.eu/esco/skill/4c5d616e-f6d8-4fb4-8ce6-89a4b048b916,,create training materials Develop and compile training items and resources according to didactical methods and training needs and using specific types of media.,,
http://data.europa.eu/esco/skill/0f7b4bf5-8d37-4205-bd61-fe0878e9d9e2,,adjust production schedule change production schedule adjust a production schedule alter production schedule vary production schedule adjust production scheduling adjust production schedules amend production schedule Adjust work schedule in order to maintain permanent shift operation.,,
http://data.europa.eu/esco/skill/31c69100-b612-4a61-8db5-fd314318854c,,execute analytical mathematical calculations Apply mathematical methods and make use of calculation technologies in order to perform analyses and devise solutions to specific problems.,,
http://data.europa.eu/esco/skill/71a495fe-fd76-4a70-8d77-2ef99c5ce30d,,product packaging requirements product package needs product package obligations requirements for product packages product package conditions The packaging requirements for different types of products and the related materials.,,
http://data.europa.eu/esco/skill/86ffa56b-12f5-4dcd-8afd-9251fbb6b496,,manage time in tourism managing time in tourism manage tourism time develop time management skills plan timings in travel itineraries Plan the time sequence of travel programme itineraries.,,
http://data.europa.eu/esco/skill/b8e703c0-6953-4f07-879a-5bea28c006c6,,"design rigging plots make rigging plots create rigging plots designing rigging plots design rigging plot produce rigging plots Draw, design and calculate rigging plots.",,
http://data.europa.eu/esco/skill/74a5e8b1-dc44-4a03-b4f2-ad06966128c6,,"assist with personal administration issues assist with personal administration help with personal administration issues provide support for personal administration issues assist with personal administration activities Assist individuals with administration activities such as shopping, banking or paying bills.",,
http://data.europa.eu/esco/skill/b0265727-f43e-4078-bbdd-b3b09dcc55e2,,ensure proper water storage ensuring proper water storage checking water storage equipment proper water storage ensuring ensuring proper storage of water check water storage equipment ensure proper storage of water water storage equipment checking Ensure that correct procedures are followed and the required equipment is present and functional for the storage of water prior to treatment or distribution.,,
http://data.europa.eu/esco/skill/2e04e83a-20ae-4653-91e7-54a9a8cad299,,"inspect masonry work quality check masonry check masonry quality check brickwork checking brickwork masonry work inspection brickwork checking inspection of masonry work inspecting masonry work Inspect finished masonry work. Check if the work is straight and level, if each brick is of adequate quality, and if the joints are full and well finished.",,
http://data.europa.eu/esco/skill/e2028206-3060-4e81-8350-77baefabefde,,oversee wetlands in project development overseeing of wetlands in project development manage wetlands in project development monitor wetlands in project development organize wetlands in project development supervise wetlands in project development overseeing wetlands in project development Oversee and respond proactively to the challenges posed by wetlands in the development of projects. Strive to care for and conserve wetlands while finding the most environmentally cost efficient solutions for the development of infrastructure projects.,,
http://data.europa.eu/esco/skill/3bba59fa-14eb-477f-8bba-c8cbdc2e6d7d,,"obtain event permits obtain permits for events obtain event authorisations obtain a permit for an event request licenses for an event Obtain all permits that are legally necessary to organise an event or exhibition, e.g. by contacting the fire or health department. Make sure that food can be served safely and in accordance with all legal requirements.",,
http://data.europa.eu/esco/skill/e16e37e8-e5eb-4b88-a9df-7546f71412ac,,"veterinary clinical sciences fundamentals of veterinary clinical sciences knowledge of veterinary clinical sciences veterinary clinical science Aetiology, pathogenesis, clinical signs, diagnosis and treatment of common diseases and disorders. This includes veterinary areas such as propaedeutics, clinical and anatomic pathology, microbiology, parasitology, clinical medicine and surgery (including anaesthetics), preventive medicine, diagnostic imaging, animal reproduction and reproductive disorders, veterinary state medicine and public health, veterinary legislation and forensic medicine, and therapeutics.",,
http://data.europa.eu/esco/skill/a9fdd2c9-4295-4407-ba3c-1547cbce40a2,,Bosnian competent in Bosnian ability to comprehend spoken and written Bosnian and to speak and write in Bosnian The ​Bosnian language.,,
http://data.europa.eu/esco/skill/ec93de2f-9a5e-4354-9151-0b2555454aaf,,"tend counterblow machine watch counterblow machine watch extrusion and impactor machinery guard counterblow machine oversee extrusion and impactor machinery guard extrusion and impactor machinery oversee counterblow machine monitor extrusion and impactor machinery monitor counterblow machine Tend an extrusion machine, also known as impactor, designed for forming hot or cold metal and compensating for potential shortcoming of the drop hammer by having both the hammer and anvil move. Monitor and operate the machine according to regulations.",,
http://data.europa.eu/esco/skill/ceda9207-797c-4d4a-b65a-5eb59084f011,,"cosmetics industry cosmetics company the cosmetics industry cosmetics industries cosmetics business cosmetics trader cosmetics manufacture Suppliers, products and brands in the cosmetic industry.",,
http://data.europa.eu/esco/skill/f3baae75-145e-40dd-b5ff-b8fe40c5fcbd,,nuclear physics nuclear energy studies the study of nuclear energy Field of physics in which protons and neutrons and their interactions inside atoms are analysed.,,
http://data.europa.eu/esco/skill/a6a4c2aa-5118-4870-be76-401620e6fd1b,,tally lumber total lumber tallying lumber sum lumber count lumber Keep a tally of specified grades and board footage of checked lumber required to fill an order.,,
http://data.europa.eu/esco/skill/4579d794-f8ae-4c07-86c4-340829ff4863,,"promote the conservatory promoting the conservatory endorse the conservatory advocate the conservatory support the conservatory sponsor the conservatory promotes the conservatory promote the conservatories Maintain a positive image of the conservatory and use personal network in the best interest of the conservatory, such as establishing valuable artistic and financial connections.",,
http://data.europa.eu/esco/skill/707e9935-d3e3-4d5a-b07d-60916081de15,,"direct event administrative details direct events' administrative tasks coordinate administrative details of an event direct an event's administrative details direct administrative details of an event Direct administrative tasks that go with an upcoming event, such as financial operations, dissemination of promotional materials.",,
http://data.europa.eu/esco/skill/36ca973f-7997-46f6-82f2-75277a003f45,,make set construction drawings plan set construction drawings construct set drawing make drawings of set construction make construction drawing of set Visually describe the various pieces of the set in order to develop the plan and to share with others.,,
http://data.europa.eu/esco/skill/272b74a0-f01a-49c9-ba36-7bf3ecfd198f,,supervise movement of crew monitor movement of crew supervise crew movement oversee movement of crew supervise crew embarkation and disembarkation monitor crew movement monitor crew embarkation and disembarkation oversee crew embarkation and disembarkation monitor embarkation and disembarkation of crew supervise embarkation and disembarkation of crew supervise movement of crew members oversee embarkation and disembarkation of crew oversee crew movement Oversee embarkation and disembarkation of crew members. Ensure that safety regulations are followed according to specifications.,,
http://data.europa.eu/esco/skill/dbeb3539-73c7-4be5-ada5-1d6e9657b356,,"types of whisks categories of whisks types of whisk types of whisks whisk types brands of whisks variations of whisks varieties of whisks Types of whisks such as balloon whisks, french whisks, flat whisks, spiral whisks and more their function.",,
http://data.europa.eu/esco/skill/4db59630-40d1-403d-b2f0-0cc81d95632d,,pharmacovigilance legislation EU pharmacovigilance legislation pharmacovigilance EU legislation EU pharmacovigilance system Regulations used to control and monitor adverse drug reactions at EU level.,,
http://data.europa.eu/esco/skill/9c72fa23-60c5-4b90-81a8-44a871beb4e5,,"engage the audience emotionally engaging the audience emotionally create emotional connection with the audience captivate the audience emotionally engage audiences emotionally draw in the audience emotionally Create an emotional connection with the audience through your performance. Engage the audience with sadness, humour, anger, any other emotion, or a combination thereof, and let them share your experience.",,
http://data.europa.eu/esco/skill/d72bcb0b-a0fb-45d0-8541-258a3bd4ba42,,"implement dive plans achieving dive plans dive plan fulfilment implementation of plans for dives implementation of dive plans implementing dive plans achieve dive plans dive plan implementation carrying out dive plans implementing plans for dives fulfilling dive plans implement plans for dives carry out dive plans Implement dive plans, working with the client, vessel teams and marine superintendents.",,
http://data.europa.eu/esco/skill/c811bb08-31cc-4b3b-a26d-a098182411fa,,"cope with excrements coping with excrements deal with excrements handle excrements endure with excrements endure excrements Cope with excrements, strong smells, and animal waste without feeling overwhelmed.",,
http://data.europa.eu/esco/skill/f0393af3-bcd9-41af-a36e-0cfb83b60081,,"manage standard enterprise resource planning system managing standard enterprise resource planning system regulate standard enterprise resource planning system standard enterprise resource planning system management maintain standard enterprise resource planning system supervise standard enterprise resource planning system manage standard enterprise resource planning systems oversee standard enterprise resource planning system Collect, manage and interpret data relevant for companies related to shipping, payment, inventory, resources and manufacturing using specific business management software. Such software as Microsoft Dynamics​, SAP ERP, Oracle ERP.",,
http://data.europa.eu/esco/skill/50e313a8-01fc-48a0-9270-f25102adb8bc,,"apply sports massage perform massage on sports injuries apply sport massage perform sports massage apply sports massages apply massage techniques on sports injuries Perform massage techniques meant to address and help recover sports injuries such as sprains, torn ligaments and broken limbs.",,
http://data.europa.eu/esco/skill/5b3df9ff-3277-4f23-8bd5-374d74f608c5,,perform auction chant implement auction chant auction chant performance perform an auction chant complete auction chant undertake auction chant performing an auction chant Perform bid calling and develop an individual style with filler words and variable speed of speech,,
http://data.europa.eu/esco/skill/023f4870-b417-4bd2-b0ae-78e61587c79f,,"geomatics the study of Earth’s surface The scientific discipline that studies gathering, storing, and processing geographic information.",,
http://data.europa.eu/esco/skill/8488927c-e4ba-4781-8b97-453ca50e7552,,"assist passengers help passengers assist passengers assist passenger embarkation care for belongings of passengers help passengers with their belongings assist passengers with their belongings ensure safe movement of embarking passengers ensure safety of embarking passengers assist passengers with their luggage support passenger embarkation help passengers to safely board modes of transportation assist embarking of passengers assisting passengers aid passengers tend to traveller belongings support embarking of passengers assist passenger care for passenger belongings handle passenger belongings facilitate passenger embarkation tend to passenger belongings tend to possessions of passengers help passengers with their luggage carry passenger belongings tend to passenger possessions carry passenger luggage facilitate embarkation of passengers Provide help to people getting in and out of their car or any other transportation vehicle, by opening doors, provide physical support or hold belongings. Keep safety measures and procedures in mind.",,
http://data.europa.eu/esco/skill/7373abdb-ee5a-4949-b4ae-dee60ab37914,,"use communication equipment test communication equipment operate telecommunications equipment use equipment to communicate use equipment for communication Set up, test and operate different types of communication equipment such as transmission equipment, digital network equipment, or telecommunications equipment.",,
http://data.europa.eu/esco/skill/f8ffa9a2-ee74-4e86-a7e3-8a90999c606c,,"develop new confectionery products new confectionery product development produce new confectionery products launch new confectionery products establish new confectionery products developing new confectionery products evaluate new confectionery products develop a new confectionery product Invent new confectionery products to be developed, taking customer demands and suggestions into account.",,
http://data.europa.eu/esco/skill/16653144-707a-402f-a28d-57fbbb509ddf,,inspect heavy underground mining machinery heavy underground mining machinery inspection inspection of heavy underground mining machinery inspecting of heavy underground mining machinery inspecting heavy underground mining machinery Inspect heavy-duty surface mining machinery and equipment. Identify and report defects and abnormalities.,,
http://data.europa.eu/esco/skill/87a349c4-97f3-482e-b743-57e1cb543802,,"set up animation elements assemble animation elements mount animation elements prepare animation elements set up animation element setting up animation elements Test and set up characters, props or environments to ensure they appear correctly from all required camera positions and angles.",,
http://data.europa.eu/esco/skill/6b49d940-6440-4dd7-a960-3d7c5ef51e83,,"operate optical equipment operating optical equipment optical equipment operations run optical equipment perform optical equipment conduct optical equipment undertake optical equipment optical equipment operation Use specific optical machinery in order to cut, polish, adjust and refine optics.",,
http://data.europa.eu/esco/skill/bdcacb96-f292-494d-b83e-929f044868d3,,operate compression rollers operate compression roller control compression rollers activate compression rollers use compression rollers handle compression rollers run compression rollers operating compression rollers Set up and monitor the piece of machinery that applies pressure on material in order to flatten it and reduce its volume.,,
http://data.europa.eu/esco/skill/ecea634c-1622-47c6-a394-253d868d62e7,,work with the lighting crew working with the lighting crew work with the lighting crews cooperate with the lighting crew co-operate with the lighting crew collaborate with the lighting crew Work with the crew responsible for the lighting setup and operation to get directions from them on where to stand for an aesthetic result.,,
http://data.europa.eu/esco/skill/943f91e8-bde8-46b9-9dd3-3e1306ef49c0,,design woven fabrics woven fabrics designing develop effects in woven fabrics develop structural and colour effects in woven fabrics design fabrics by using the weaving technique Designing and developing structural and colour effects in woven fabrics by using the weaving technique.,,
http://data.europa.eu/esco/skill/becbbfa0-d5e1-4b73-beba-d65e48920360,,"auriculotherapy ear reflexology auricular therapy ear acupuncture auriculoacupuncture ear acupuncture therapy Alternative medicine therapy which has as its basis the idea that the ear is a microsystem which represents the entire body. Thus the physical, mental or emotional health conditions can be treated from the ear surface by means of reflexology and acupuncture.",,
http://data.europa.eu/esco/skill/cbe6e2a5-f7bc-4162-9803-fcb9ecd86052,,"perform facial treatment do facial treatments perform facial treatments performing facial treatment provide facial treatments Perform all kinds of treatments to improve the health and attractiveness of the facial skin, such as facial masks, scrubs, eyebrow tinting, peels, hair removal and make-up.",,
http://data.europa.eu/esco/skill/3c6cd54b-e206-47a4-90c8-d19ff4523f34,,"contact scientists communicate with scientists correspond with scientists contact scientist contacting scientists Listen, reply, and establish a fluid communication relationship with scientists in order to extrapolate their findings and information into a varied array of applications including business and industry.",,
http://data.europa.eu/esco/skill/14ee9f76-3524-43d5-8a1a-5ba8283f8bd7,,Spanish Castilian The Spanish language. Spanish is an official and working language of the EU.,,
http://data.europa.eu/esco/skill/eaeb2b76-c095-4bad-89da-0ead3c10db59,,test oxygen purity oxygen purity checking checking oxygen purity check oxygen purity oxygen purity testing testing oxygen purity Test the purity and the moisture content of the processed oxygen making use of the burette moisture meter.,,
http://data.europa.eu/esco/skill/79809e8a-e68a-44c8-b162-8797d7fd64b0,,prepare assembled moulds for finishing assembled molds readying for finishing prepare assembled molds for finishing ready assembled moulds for finishing ready assembled molds for finishing assembled molds preparing for finishing readying assembled moulds for finishing assembled moulds readying for finishing prepare assembled molds for finishing preparing assembled molds for finishing readying assembled molds for finishing assembled moulds preparing for finishing preparing assembled moulds for finishing Prepare the already assembled moulds for further finishing by setting them between twin parallel power rollers.,,
http://data.europa.eu/esco/skill/65e0031d-0517-4edb-b2b4-d7b0493945b5,,position drills set up drills drill preparation setting up drills drill set up drill positioning positioning of drills positioning drills drills positioning preparing drill prepare drill Place drills in correct position; set depths and angles.,,
http://data.europa.eu/esco/skill/f54cb941-6e9b-43ee-a135-9fda4ad7237b,,manage aftersales processes to comply with business standards managing aftersales processes to comply with business standards maintain aftersales processes to comply with business standards supervise aftersales processes to comply with business standards manage aftersales processes to comply with a business standard regulate aftersales processes to comply with business standards oversee aftersales processes to comply with business standards management of aftersales processes to comply with business standards Oversee the progress of after sales activities; make sure that all work is carried out in accordance to business procedures and legal requirements.,,
http://data.europa.eu/esco/skill/33dd30c8-848d-4c65-87ce-a319e694ae46,,feed mirror machine supply mirror machine mirror machine feeding Feed the glass silvering machine with mirror glass.,,
http://data.europa.eu/esco/skill/a97353c8-f2a3-47be-86e1-f7c301fca630,,manage cleaning activities manage a cleaning activities supervise work by housekeeping staff manage cleanliness activities coordinate cleaning duties Oversee cleaning activities undertaken by employees.,,
http://data.europa.eu/esco/skill/d0e438df-18fb-4d70-b661-09a4e879e0db,,"operate life-saving appliances life-saving appliances operating operate life-saving equipment operating life-saving equipment life-saving equipment operating operating life-saving appliances life-saving appliance operating Operate survival craft and their launching appliances and arrangements. Operate life-saving instruments like radio life-saving appliances, satellite EPIRBs, SARTs, immersion suits and thermal protective aids.",,
http://data.europa.eu/esco/skill/25a599ff-27ab-4853-9a04-6174a0bd03b3,,manage drilling team drilling team coordination and supervision coordinate and supervise drilling team coordinating and supervising drilling team coordination and supervision of drilling team drilling team management coordination and supervision in drilling managing of drilling team managing drilling team management of drilling team team management in drilling Coordinate and supervise the activities of a drilling team.,,
http://data.europa.eu/esco/skill/6388c1da-c906-4a5b-8a88-15ca458dfdee,,monitor well operations well operations daily monitoring well operations monitoring well operations progress checking checking of progress of well operations monitoring well operations monitoring of well operations daily monitoring of well operations daily well operations monitoring check progress of well operations progress checking in well operations checking progress of well operations Monitor the daily progress of well activities.,,
http://data.europa.eu/esco/skill/8f9e8842-94f3-48d5-8d09-c43829bcabc5,,"liaise with shareholders collaborate with shareholders liaising with shareholders cooperate with shareholders liaise with shareholder work together with shareholders Communicate and serve as communication point with shareholders in order to provide an overview on their investments, returns, and long-term plans of the company to increase profitability.",,
http://data.europa.eu/esco/skill/8cb74cda-060e-4a86-b763-92527caa029c,,operate hatchery recirculation system run hatchery recirculation system hatchery recirculation system running operating hatchery recirculation system running hatchery recirculation system hatchery recirculation system operating Efficiently operate a hatchery recirculation system for specified aquatic organisms,,
http://data.europa.eu/esco/skill/d112bf1b-70a7-423a-b35b-5616bd3ee02e,,feed additives feed enhancers feed preservatives feed additive feed constituents feed supplements additives of feed The products used to improve the quality of animal feed and the quality of the food that these animals produce or are turned into; or to improve the animals' performance and health.,,
http://data.europa.eu/esco/skill/b0565bd9-29c8-42f6-b174-702970fc2f4f,,"produce sales reports produce sales notes producing sales reports produce sales descriptions producing a sales report produce sales summaries produce sales details produce a sales report Maintain records of calls made and products sold over a given time frame, including data regarding sales volumes, number of new accounts contacted and the costs involved.",,
http://data.europa.eu/esco/skill/32bbd1de-4995-4e47-84ab-fb3a2b0cfdf1,,fish identification and classification typology for aquatic species identification and classification techniques in aquatic species identification and classification aquatic species identification and classification methods for fish identification and classification methods for aquatic species identification and classification identification and classification of fish techniques in fish identification and classification typology for fish identification and classification The processes which allow the identification and classification of fish.,,
http://data.europa.eu/esco/skill/015b0162-6dd3-4d46-bbfd-325086155dd5,,purchase supplies pay for supplies acquire supplies gain supplies purchase of supplies supplies purchasing buy supplies purchase DIY supplies purchase supplies purchasing supplies Purchase and replenish supplies; make sure that all required goods are available in stock.,,
http://data.europa.eu/esco/skill/9214bb50-f24e-4b82-8dd2-f299ccba2258,,identify defects in concrete identifying concrete defects evaluate defects in concrete assess defects in concrete examine defects in concrete identify concrete defects Use infrared techniques to discover defects in concrete.,,
http://data.europa.eu/esco/skill/87635702-302f-47a5-8f3f-30c2cde8742a,,"treat cases of malocclusion treat case of malocclusion cure cases of malocclusion treat malocclusions eliminate malocclusion Treat and eliminate malocclusion. Restore full function to the teeth by removing certain teeth, making room for teeth still erupting, then attach braces to the teeth to straighten the bite.",,
http://data.europa.eu/esco/skill/27065048-bca8-4b0a-891a-b192b9ceadfd,CAM software,"CAM software computer-aided manufacturing software NC manufacturing software numeric control manufacturing software computer aided manufacturing software Different tools for computer-aided manufacturing (CAM) to control machinery and machine tools in the creation, modification, analysis, or optimisation as part of the manufacturing processes of workpieces.",,
http://data.europa.eu/esco/skill/5ca9f3d6-d7dd-4bb1-a4ca-75c6b14b7b6f,adapt to new technology used in cars,adapt to new technology used in cars adjust to developments in automobile technology adapt to new automobile technology adapt to new technology in cars be adaptable to new technology used in cars adjust to technological developments in automobiles adjust to developments in car technology be adaptable to new technology used in automobiles adapt to the use of new technology in cars adapt to new technology used in automobiles adapt to the use of new car technology adjust to technological developments in cars Adapt to new technology integrated in cars; understand systems operation and provide troubleshooting.,,
http://data.europa.eu/esco/skill/502c2af4-5290-425c-a51a-2faf944e66c3,address gender-related issues in family planning counselling,address gender-related issues in family planning counselling address gender related issues in family planning counselling address gender-related issues in family planning counseling inform client on gender-related issues in family planning focus on gender-related issues in family planning counselling give advice on gender-related topics in family planning counselling Inform the client on gender-related topics related to family planning by encouraging them to decide on their own sexual and reproductive health choices or to bring partners into family planning counselling.,,
http://data.europa.eu/esco/skill/0156865e-5010-4908-8e0f-ce3aebc2d136,adjust envelope cutting settings,"adjust envelope cutting settings tweak envelope cutting settings change envelope cutting settings adapt envelope cutting settings modify envelope cutting settings Make sure that the right window cutting and patching standard are used. Prepare this by gumming on the blank with a dry patch and on the window material during its conveyance. Adjust on the basis of window, gum, and patch position and level of evenness.",,
http://data.europa.eu/esco/skill/eb8babfb-ab91-4937-a032-6a79f82e9b7f,analyse financial risk,"analyse financial risk analyse economic risk analyze financial risk analyse business risk analyse monetary risk Identify and analyse risks that could impact an organisation or individual financially, such as credit and market risks, and propose solutions to cover against those risks.",,
http://data.europa.eu/esco/skill/dbfb9dda-48d9-4a10-9821-3237f868071b,analyse goal progress,"analyse goal progress investigate organisational objective progress scrutinise organisational objective progress test organisational objective progress test goal progress analyze goal progress scrutinise goal progress investigate goal progress Analyse the steps which have been taken in order to reach the organisation's goals in order to assess the progress which has been made, the feasibility of the goals, and to ensure the goals can be met according to deadlines.",,
http://data.europa.eu/esco/skill/17943c5f-6188-4042-8109-8390bf6a8102,carry out cleaning of road drains,"carry out cleaning of road drains conduct cleaning of storm drains conduct cleaning of sewers clean out sewers clean out storm drains carrying out cleaning of road drains clean road drains clean out road drains carry out cleaning of road drain Remove leaves, litter, and other debris to prevent blockages in drains and sewers.",,
http://data.europa.eu/esco/skill/0361c099-da6c-404e-984b-a8b8a0c017d1,check sensorial parameters of oils and fats,"check sensorial parameters of oils and fats check sensorial parameters of oil and fat test sensorial parameters of oils and fats check the sensorial parameters of oils and fats assess sensorial parameters of oils and fats audit sensorial parameters of oils and fats check of sensorial parameters of oils and fats Check sensorial parameters of olive oils, seed oils and edible fats such as taste, smell and touch.",,
http://data.europa.eu/esco/skill/S3.3.2,complying with environmental protection laws and standards,"Ensuring compliance with regulations, standards, guidelines, laws or practices relating to the protection of the environment.",,
http://data.europa.eu/esco/skill/S3.3.1,complying with health and safety procedures,"Ensuring compliance to rules, standards, guidelines laws or good practices relating to the health and safety of oneself, co-workers, employees and the public.",,
http://data.europa.eu/esco/skill/S3.3.3,complying with legal and organisational guidelines,"Ensuring compliance with rules, standards, policies, guidelines or laws relating to matters other than health, safety and the environment.",,
http://data.europa.eu/esco/skill/3f8d4e8f-17cc-4447-9325-fcfe4306c238,describe your artistic aspirations in relation to artistic trends,Identify your areas of interest and ambitions. Relate them to artistic trends.,,
http://data.europa.eu/esco/skill/f453b1a6-c7db-4d9d-9ba3-47c45159bfe3,ensure products meet regulatory requirements,"ensure products meet regulatory requirements guarantee products meet regulatory requirements ensure product meet regulatory requirements certify products meet regulatory requirements ensuring products meet regulatory requirements make sure products meet regulatory requirements ensure products meet regulatory requirement Study, implement, and monitor the integrity and compliance of products with the required regulatory aspects by law. Advise on applying and abiding by regulations on the product and manufacturing regulations.",,
http://data.europa.eu/esco/skill/e90c83be-ccb7-4752-af5e-7f58cd0ac399,facilitate the healing process related to sexual assault,"facilitate the healing process related to sexual assault facilitate the healing process related to sexual assaults support the healing process related to sexual assault facilitate the healing processes related to sexual assaults support healing of individuals who have experienced sexual assault support the healing processes related to sexual assaults Intervene to support and facilitate the healing and growth of individuals who have experienced sexual assault by allowing them to recognise their memories and pain, identifying their influence on behaviour and learning to integrate them in their lives.",,
http://data.europa.eu/esco/skill/bc05eaf7-8d1f-46e3-8834-9d45c4e92831,fisheries legislation,fisheries legislation regulation of fisheries scope of fisheries regulation types of fisheries regulation range of fisheries regulation scope of fisheries legislation legislation of fisheries typology of fisheries legislation regulation on fisheries types of fisheries legislation typology of fisheries regulation legislation on fisheries range of fisheries legislation The study and analysis of different fisheries management approaches taking into account international treaties and industry norms in order to analyze fisheries management regulations. ,,
http://data.europa.eu/esco/skill/401d8d12-b56d-4c71-ac58-f791e8c085b4,liaise with financiers,liaise with financiers interact with financiers liaise with financier network with financiers schmooze with financiers liaising with financiers Liaise with people willing to finance the project. Negotiate deals and contracts.,,
http://data.europa.eu/esco/skill/a17286c5-238d-4f0b-bc24-29e9121345de,listen actively,"listen actively maintain active listening apply active listening techniques use active listening techniques listen actively active listening listen with attentive participation Give attention to what other people say, patiently understand points being made, asking questions as appropriate, and not interrupting at inappropriate times; able to listen carefully the needs of customers, clients, passengers, service users or others, and provide solutions accordingly.",,
http://data.europa.eu/esco/skill/S3.3.5,maintaining and enforcing physical security,Ensuring safety and security of persons and property through physical actions.,,
http://data.europa.eu/esco/skill/3377f3b2-4ba2-457f-b29d-8df59e8cfba8,observe student's progress,Follow up on students’ learning progress and assess their achievements and needs.,,
http://data.europa.eu/esco/skill/a05ead02-1728-4d60-929c-7e7c3a87672c,operate financial instruments,"operate financial instruments undertake financial instruments operating financial instruments run financial instruments conduct financial instruments perform financial instruments financial instrument operation operate a financial instrument Work with financial instruments such as stocks, bonds, mutual funds and derivatives.",,
http://data.europa.eu/esco/skill/c3d61bcf-e698-4d39-8db1-388284dbfc74,operate lifting equipment,"operate lifting equipment operate container lifting equipment run raising apparatus handle raising apparatus utilise lifting equipment run lifting equipment handle lifting equipment operate lifting equipment utilise raising apparatus use raising apparatus use lifting equipment Transport heavy objects using lifting equipment such as cranes, forklifts etc.",,
http://data.europa.eu/esco/skill/0c0a8629-97b7-412f-ad91-be97d80205af,perform pre-assembly quality checks,"perform pre-assembly quality checks complete pre-assembly quality checks perform a pre-assembly quality check operate pre-assembly quality checks finish pre-assembly quality checks implement pre-assembly quality checks Inspect product parts for faults or damages, using testing equipment if necessary, and check that the received lot is complete before assembling the finished products.",,
http://data.europa.eu/esco/skill/S3.3.0,protecting and enforcing,"Responding to public and personal safety and security needs and ensuring compliance to rules, standards, guidelines or laws.",,
http://data.europa.eu/esco/skill/S3.3.6,protecting privacy and personal data,"Using and sharing identifiable information about individuals or enterprises in a manner that respects data protection principles, privacy and confidentiality.",,
http://data.europa.eu/esco/skill/31f01be9-7bbf-4afb-a647-bcd4931cfc8b,remove inadequate workpieces,remove inadequate workpieces discard poor quality finished products get rid of inadequate workpieces eliminate poor quality finished products expel poor quality finished products eliminate inadequate workpieces discard inadequate workpieces get rid of poor quality finished products expel inadequate workpieces Evaluate which deficient processed workpieces do not meet the set-up standard and should be removed and sort the waste according to regulations.,,
http://data.europa.eu/esco/skill/d9818afc-1dec-4944-8c9c-e3ae8fad176d,set up the controller of a machine,set up the controller of a machine build the controller of a machine build appliance and machine control systems set up the computer controller of a machine install the controller of a machine assemble the controller of a machine assemble appliance and machine control systems erect appliance and machine control systems erect the controller of a machine install appliance and machine control systems Set up and give commands to a machine by dispatching the appropriate data and input into the (computer) controller corresponding with the desired processed product.,,
http://data.europa.eu/esco/skill/669b75d8-671c-4a1c-8e0b-6466c513c27d,show confidence,show confidence behave confidently show of confidence showing confidence demonstrate confidence display confidence exhibit confidence reveal confidence confidence showing Demonstrate degrees of maturity by fully understanding one's own qualities and abilities which can serve as sources of confidence in different situations.,,
http://data.europa.eu/esco/skill/2fa41ec9-5a43-4976-b34d-8639596f67ba,study music,study music read about music studying music learn music be taught music Study original pieces of music to get well acquainted with music theory and history.,,
http://data.europa.eu/esco/skill/c4949dcf-bbcc-40f2-8584-6c6299beb7fb,tend computer numerical control lathe machine,"tend computer numerical control lathe machine guard computer numerical control lathe machine monitor computer numerical control lathe machine tend CNC lathe machine guard screwing and turning machinery oversee computer numerical control lathe machine watch over computer numerical control lathe machine watch over screwing and turning machinery tend CNC turn machine monitor screwing and turning tend CNC turning machine machinery oversee screwing and turning machinery Tend a computer numerical controlled (CNC) lathe and turn machine designed for cutting manufacturing processes on metal, wooden, plastic materials and others, monitor and operate it, according to regulations.",,
http://data.europa.eu/esco/skill/ae782b0e-d14e-4ac1-a64d-f81eb15b19b2,vacuum street debris,vacuum street debris vacuum debris In the street vacuuming street debris clean street debris with a vacuum Use vacuum machinery to collect and remove waste or leaves in urban areas.,,
http://data.europa.eu/esco/skill/S3.3.4,verifying identities and documentation,"Check an individuals' documentation, such as driver's licenses, official identification documents, travel documents and tickets, to ensure compliance with legal regulations, identify individuals, and assess their right to access services, areas or facilities.",,
http://data.europa.eu/esco/skill/582e5e24-f400-4a79-a368-24654b0fe055,wash decks of ships,Clean the ship's deck by sweeping and washing it thoroughly. Remove superfluous salt and water to avoid oxidation.,,
http://data.europa.eu/esco/skill/156f8c5b-894a-4ccc-a70e-37a2726f3f00,work ergonomically,work ergonomically work in an ergonomic way plan an ergonomic work station work to set up an ergonomic work station Apply ergonomy principles in the organisation of the workplace while manually handling equipment and materials.,,
http://data.europa.eu/esco/skill/c438aa25-949e-47e6-a79c-a805d774946e,write batch record documentation,"write batch record documentation batch record documentation writing batch record documentation preparing preparing batch record documentation prepare batch record documentation writing batch record documentation Write reports on the manufactured batches history taking into account the raw data, tests performed and compliance to Good Manufacturing Practices (GMP) of each batch of product.",,
